,ts,log_odds,start_end
0,500.0,69.0431674762,"(0, 4500)"
0,1000.0,33.6929122613,"(500, 4500)"
0,1502.0,63.7269084683,"(1000, 4500)"
0,1970.0,49.1979964847,"(1502, 4500)"
0,2511.0,13.7408498616,"(1502, 3000)"
0,3000.0,1.96064583383,"(1502, 2511)"
0,3502.0,114.607239634,"(3000, 4500)"
0,3970.0,2.69324946338,"(3502, 4500)"
1,490.0,222.665465863,"(0, 1500)"
1,997.0,0.377356252234,"(0, 997)"
